{"random": {"acc": [0.713, 0.6882666666666666, 0.7043999999999999, 0.7306, 0.7400666666666667, 0.7417, 0.7532666666666666, 0.7721333333333333, 0.8281333333333334, 0.8295, 0.8373666666666667, 0.8358000000000001, 0.8417666666666666], "b_acc": [0.7145524755509423, 0.6900000950933742, 0.7053374103605129, 0.7312982933752632, 0.7406284971642572, 0.7424237924459138, 0.7541656807544699, 0.7729402269896728, 0.8286293763413111, 0.8299775829693049, 0.8377532481878049, 0.8362694560849361, 0.8421320239143786], "f1": [0.707449236636419, 0.6767879199206674, 0.6923428704975929, 0.7188399756244971, 0.7309958247391282, 0.7318432725119552, 0.7438859238478466, 0.7674110711387422, 0.8273037922476443, 0.828995988852995, 0.8370391165447446, 0.8352717194791668, 0.8415985774834537], "n_train": [20, 30, 40, 50, 60, 70, 80, 90, 100, 110, 120, 130, 140]}}