{"var_ratios": {"acc": [0.713, 0.6417333333333333, 0.7029000000000001, 0.7456666666666666, 0.7759666666666666, 0.7891333333333334, 0.8103, 0.8263666666666666, 0.8563333333333334, 0.8608, 0.8636666666666667, 0.8629333333333333, 0.8690333333333333], "b_acc": [0.7145524755509423, 0.6408508104430547, 0.7020961767191309, 0.7456618777026137, 0.7761973969661471, 0.7891281658436929, 0.8101081904731762, 0.8263603401184294, 0.85652228942395, 0.8610714622142233, 0.8639232028160032, 0.8631530964620324, 0.8692008469422696], "f1": [0.707449236636419, 0.62892276566786, 0.6854716893837944, 0.7383043240137603, 0.7707671921375244, 0.7885593673956492, 0.8115309990043545, 0.8269158377054954, 0.8567069840140036, 0.8609886735136765, 0.8637940588003297, 0.8631512012090216, 0.869329943616172], "n_train": [20, 30, 40, 50, 60, 70, 80, 90, 100, 110, 120, 130, 140]}}