{"bald": {"acc": [0.7383333333333333, 0.6931333333333334, 0.6637333333333333, 0.7206333333333333, 0.7412000000000001, 0.7266999999999999, 0.7370333333333334, 0.7369666666666668, 0.8339333333333334, 0.8454, 0.8487333333333332, 0.8415333333333332, 0.8551333333333334], "b_acc": [0.7391322884518594, 0.6938301005670747, 0.6649175237294593, 0.7203400784139851, 0.7412141819422233, 0.7266250323110273, 0.7367007859802055, 0.7365733822464922, 0.8338426783553811, 0.8454672943121819, 0.8487987855799926, 0.8414602101682224, 0.8552942914965891], "f1": [0.7419646671665925, 0.6869938733105385, 0.6434747097361424, 0.7152173351699195, 0.7387986114432005, 0.7226232326496452, 0.7327686670453646, 0.7312941385880344, 0.8346043041043464, 0.8458465524191106, 0.8489053877165791, 0.84148045999742, 0.8552195134738467], "n_train": [20, 30, 40, 50, 60, 70, 80, 90, 100, 110, 120, 130, 140]}}