{"bald": {"acc": [0.7126666666666666, 0.6996666666666667, 0.6898, 0.7178333333333333, 0.7396, 0.6949, 0.7420666666666668, 0.7425, 0.8374999999999998, 0.8413, 0.8544, 0.8486666666666667, 0.8594666666666667], "b_acc": [0.7122807497573757, 0.6991982808051963, 0.6889516879516648, 0.717762106994762, 0.7397216653116232, 0.6945133372338264, 0.741806538634493, 0.7421085149124411, 0.8379609238331096, 0.8417045450215304, 0.8546785437686708, 0.8488014862391042, 0.8597154582168731], "f1": [0.7151901848711776, 0.6852880327378416, 0.6807215142721698, 0.6938432369757055, 0.7246468969660833, 0.6717800229129065, 0.7292159089499874, 0.7313486381963907, 0.835063059829985, 0.8389003069622539, 0.8536828123097081, 0.8467320429012142, 0.8586981956170776], "n_train": [20, 30, 40, 50, 60, 70, 80, 90, 100, 110, 120, 130, 140]}}