{"bald": {"acc": [0.7996666666666667, 0.7342666666666667, 0.7334999999999998, 0.7763333333333333, 0.7831666666666667, 0.7699, 0.7689666666666667, 0.7592666666666666, 0.8402333333333333, 0.8555999999999999, 0.8585666666666667, 0.8634666666666668, 0.8659000000000001], "b_acc": [0.7997570938944902, 0.7353040894001909, 0.7343960693053008, 0.776768135739052, 0.7832733530128677, 0.7701733215309632, 0.769097133065158, 0.7591632345868865, 0.8406538940922079, 0.8559464388864402, 0.8588303282561764, 0.8636224113607052, 0.8661074659748154], "f1": [0.798143945661429, 0.7355713882869154, 0.7258002208691477, 0.7705382197332658, 0.7777750534710351, 0.7578785005898891, 0.7558601129364324, 0.7456635470867699, 0.8395132832145915, 0.8551237549606959, 0.8581302278334094, 0.8630591962622038, 0.8655707324321888], "n_train": [20, 30, 40, 50, 60, 70, 80, 90, 100, 110, 120, 130, 140]}}