{"var_ratios": {"acc": [0.713, 0.6887999999999999, 0.7219333333333333, 0.7599, 0.7794666666666668, 0.7749333333333334, 0.7955666666666666, 0.8109333333333332, 0.8509333333333334, 0.8579333333333334, 0.8584666666666667, 0.8560000000000001, 0.8666666666666666], "b_acc": [0.7145524755509423, 0.6887056507618465, 0.7222343004279038, 0.7603061068463098, 0.7797014180391301, 0.7753575899369483, 0.7960622472947606, 0.8114137451247508, 0.8514268403662145, 0.8582702643802355, 0.8588663981588278, 0.856364368155268, 0.8669590167807746], "f1": [0.707449236636419, 0.6849579165192773, 0.7162202276081334, 0.7622545293983046, 0.7793015243454623, 0.7741125620478813, 0.795805595399308, 0.8110750134499429, 0.8503165777204172, 0.8575299773862008, 0.8580870014835179, 0.8556541971199326, 0.8663290911660898], "n_train": [20, 30, 40, 50, 60, 70, 80, 90, 100, 110, 120, 130, 140]}}