{"bald": {"acc": [0.6563333333333333, 0.6811, 0.6655666666666666, 0.6963333333333334, 0.7375999999999999, 0.6357999999999999, 0.7034333333333332, 0.7195333333333334, 0.8385666666666667, 0.8430666666666667, 0.8511333333333333, 0.8329333333333333, 0.8490666666666666], "b_acc": [0.6546584573066897, 0.6809510853418203, 0.6642303185391538, 0.6959990100795124, 0.7371301630376507, 0.6341373419374753, 0.7021838199050341, 0.7181396498671836, 0.8384724512180137, 0.8429079546262301, 0.8510779870571419, 0.8325443019019039, 0.8488781662694235], "f1": [0.6564799318439984, 0.6660684655442933, 0.6418591032143572, 0.6802479376128299, 0.7262606462960723, 0.6112136318527188, 0.6827973616829046, 0.7041632623991714, 0.8396029296263882, 0.8438550607606554, 0.8519157669583819, 0.8302855083111144, 0.8495853702451022], "n_train": [20, 30, 40, 50, 60, 70, 80, 90, 100, 110, 120, 130, 140]}}