{"bald": {"acc": [0.7996666666666667, 0.6918666666666667, 0.7224333333333333, 0.7381333333333333, 0.7476333333333334, 0.7222999999999999, 0.7159666666666668, 0.7432000000000001, 0.8314666666666668, 0.8418333333333333, 0.8412666666666666, 0.8425333333333332, 0.8518333333333332], "b_acc": [0.7997570938944902, 0.692968593143281, 0.7235185320960705, 0.7388689448790144, 0.7483362523467643, 0.722843610960035, 0.7162323782928806, 0.743223130401132, 0.83165399265456, 0.8421873306991527, 0.8414206967830575, 0.8427196346184769, 0.8520815539983578], "f1": [0.798143945661429, 0.6891477038049781, 0.7226613466438419, 0.7384111418411956, 0.7484548621632149, 0.7273844543369858, 0.7186748134702072, 0.748560307362849, 0.8323619561934885, 0.8419565640729223, 0.8413956104510328, 0.8426628068848105, 0.8518496552150943], "n_train": [20, 30, 40, 50, 60, 70, 80, 90, 100, 110, 120, 130, 140]}}