{"random": {"acc": [0.713, 0.6878666666666666, 0.7174666666666667, 0.7424999999999999, 0.7466666666666667, 0.7162666666666666, 0.7569999999999999, 0.7514666666666667, 0.8324333333333334, 0.8418999999999999, 0.8437333333333333, 0.8451666666666668, 0.8471333333333332], "b_acc": [0.7145524755509423, 0.6894662175078025, 0.7184226874162283, 0.7437362160539396, 0.7475958225677392, 0.7169566831323918, 0.7576982197630039, 0.752010196352043, 0.8327537584739536, 0.8422065761606419, 0.8439582817451712, 0.8453739159411997, 0.8473234683533848], "f1": [0.707449236636419, 0.6766030214504121, 0.7034029605629032, 0.7254966441409026, 0.7343204513337349, 0.6916578289315203, 0.7485282375522309, 0.7422738024084634, 0.8325795548475737, 0.8421093671100417, 0.8440677158813852, 0.8456355296832833, 0.8475585812962383], "n_train": [20, 30, 40, 50, 60, 70, 80, 90, 100, 110, 120, 130, 140]}}