{"bald": {"acc": [0.6646666666666665, 0.6935, 0.6397999999999999, 0.6609333333333334, 0.6299999999999999, 0.5744666666666667, 0.5613333333333332, 0.5641333333333334, 0.7356, 0.7793333333333334, 0.7981999999999999, 0.7766333333333335, 0.8017], "b_acc": [0.6652349450928315, 0.6940401932060702, 0.6394861331311253, 0.6619357658639867, 0.6310628782505083, 0.5750889297671239, 0.5631103063254381, 0.5654154779698122, 0.7364423991363382, 0.7799774042594827, 0.7987096856217095, 0.7768851746672895, 0.8022373945278585], "f1": [0.6692660573388249, 0.6871780029322834, 0.606682063521718, 0.6247975628547513, 0.578974282892582, 0.4957474962605639, 0.47939112097512676, 0.4823535624738241, 0.707521087207217, 0.7664178265595505, 0.7853001332672742, 0.7606113870565678, 0.7919720382429744], "n_train": [20, 30, 40, 50, 60, 70, 80, 90, 100, 110, 120, 130, 140]}}