{"bald": {"acc": [0.673, 0.6622666666666667, 0.6523333333333333, 0.6700333333333333, 0.6472, 0.5426, 0.6276, 0.6295666666666666, 0.7953333333333334, 0.8185, 0.8178000000000001, 0.8038000000000001, 0.8260333333333334], "b_acc": [0.6716386220639369, 0.6620783410539429, 0.6517743484751403, 0.6696472607801974, 0.6463122563063328, 0.5420562278623208, 0.6270621199324466, 0.6297660214577855, 0.7960725470063165, 0.8191173960718856, 0.8181532474953042, 0.8043832025785005, 0.8267781632783004], "f1": [0.6784161897251807, 0.6502441005990632, 0.6299510067710166, 0.6522261766726158, 0.6211841771410868, 0.48534670812960334, 0.5807836378577573, 0.5879869059524997, 0.7877924950527724, 0.8149953650056652, 0.8146803488814364, 0.7938146928056854, 0.8201385202584927], "n_train": [20, 30, 40, 50, 60, 70, 80, 90, 100, 110, 120, 130, 140]}}