{"bald": {"acc": [0.7126666666666666, 0.6534666666666668, 0.6417999999999999, 0.6974666666666666, 0.7090666666666665, 0.6947, 0.6955, 0.6825666666666668, 0.8274666666666667, 0.8353666666666666, 0.8368666666666666, 0.8317666666666665, 0.8372999999999999], "b_acc": [0.7122807497573757, 0.6540284908975965, 0.6414471316929451, 0.6973726643629847, 0.7091891450627643, 0.6942530195064103, 0.6948956482915069, 0.6812394343280836, 0.8273199503315547, 0.8350877886385397, 0.8366523084318441, 0.8314809150042292, 0.8371428087203114], "f1": [0.7151901848711776, 0.639268958914306, 0.6208627369263651, 0.6898334582116818, 0.7012276543468927, 0.6886480799271756, 0.6884761808767041, 0.6741543489137407, 0.8281087081140639, 0.8360075598588927, 0.8373350273746629, 0.8323253616352095, 0.8377037823851798], "n_train": [20, 30, 40, 50, 60, 70, 80, 90, 100, 110, 120, 130, 140]}}