{"bald": {"acc": [0.713, 0.6288666666666668, 0.6608333333333333, 0.7187333333333333, 0.7225999999999999, 0.661, 0.6622333333333333, 0.6507, 0.8235333333333333, 0.8399666666666666, 0.8428333333333333, 0.8326666666666664, 0.8379666666666667], "b_acc": [0.7145524755509423, 0.6297134112245489, 0.660439080490891, 0.7186692694969891, 0.7228133693002607, 0.6594101345493626, 0.6605597878671997, 0.6487805698852919, 0.8230592168132365, 0.8396128193546144, 0.8422994540753246, 0.8320169636146737, 0.8374200599722968], "f1": [0.707449236636419, 0.5934351126880688, 0.6318460533331847, 0.7076269921998828, 0.7106300402148957, 0.6172303022613891, 0.6220667233948165, 0.603426425511768, 0.8222375716169859, 0.8394440287181126, 0.8424310629903035, 0.8312022746952765, 0.8347233177436808], "n_train": [20, 30, 40, 50, 60, 70, 80, 90, 100, 110, 120, 130, 140]}}