{"var_ratios": {"acc": [0.6673333333333334, 0.6625666666666666, 0.6714666666666667, 0.7392000000000001, 0.7636666666666667, 0.7477333333333334, 0.776, 0.7884333333333334, 0.8340666666666665, 0.8419666666666666, 0.8483666666666666, 0.8458666666666665, 0.8551666666666666], "b_acc": [0.6693453005480927, 0.6625505442449001, 0.6711831628218781, 0.7390446660264042, 0.7635689727329799, 0.7475850808164666, 0.7762613889228323, 0.7887126111371132, 0.8343652273326857, 0.8423415191340462, 0.8486341341827679, 0.8463201252243682, 0.8555345991264793], "f1": [0.6572014277860381, 0.658736686932668, 0.6655699554378601, 0.737040777021105, 0.7652158978409112, 0.7477887584518662, 0.7760933410844391, 0.7881686943742809, 0.834541882451443, 0.8422116769302482, 0.8488903917917824, 0.8458437385878321, 0.8551909140210425], "n_train": [20, 30, 40, 50, 60, 70, 80, 90, 100, 110, 120, 130, 140]}}