{"bald": {"acc": [0.713, 0.6855, 0.6559999999999999, 0.6983, 0.7067666666666667, 0.6896000000000001, 0.6963, 0.7288666666666666, 0.8247, 0.8432000000000001, 0.8543999999999998, 0.8522000000000001, 0.8602333333333334], "b_acc": [0.7145524755509423, 0.6849248960923789, 0.6547975763271918, 0.6980951216035519, 0.7068103947683464, 0.6884801003302518, 0.6953094494484239, 0.7287275942034187, 0.8252434061166533, 0.8436278585947266, 0.8546755406059537, 0.8522797575374558, 0.8603697495377955], "f1": [0.707449236636419, 0.6785237356941747, 0.6232232638336563, 0.6659961826097275, 0.676296371212006, 0.6519630843345356, 0.6582790418243945, 0.6994149748050054, 0.8191281045239229, 0.8410588832316781, 0.8530645159405233, 0.850725973654146, 0.8587649498597385], "n_train": [20, 30, 40, 50, 60, 70, 80, 90, 100, 110, 120, 130, 140]}}