{"random": {"acc": [0.6673333333333334, 0.6695, 0.6973333333333332, 0.6982000000000002, 0.7369, 0.7284666666666666, 0.7379, 0.7643666666666667, 0.8124333333333335, 0.8261, 0.8266, 0.8268333333333333, 0.8328666666666666], "b_acc": [0.6693453005480927, 0.670876645509539, 0.6980548229028396, 0.698870931131852, 0.7372153186929022, 0.7289966066938303, 0.738574590659972, 0.7649392614159706, 0.812914847536111, 0.8265345778650286, 0.8270075112126817, 0.8273224271784668, 0.8333607058357784], "f1": [0.6572014277860381, 0.662004676539689, 0.6888124448283343, 0.6839988118593532, 0.7281885275907649, 0.7198844411706474, 0.73309947597754, 0.7617542455652561, 0.8123379534078936, 0.8259998895576374, 0.8263759004590263, 0.826250743473824, 0.8328040331928509], "n_train": [20, 30, 40, 50, 60, 70, 80, 90, 100, 110, 120, 130, 140]}}