{"bald": {"acc": [0.7726666666666667, 0.6561333333333332, 0.6375333333333334, 0.6804, 0.7111666666666667, 0.6629, 0.5957000000000001, 0.6820666666666668, 0.7780333333333334, 0.8123666666666667, 0.8164333333333333, 0.7950999999999999, 0.8229], "b_acc": [0.7724790870334189, 0.6571884926084193, 0.6385318173988296, 0.6816609172554875, 0.7124923669943083, 0.6645544331236053, 0.597005453516384, 0.6833987058126043, 0.7794730285252022, 0.8132615421835018, 0.8171355331180769, 0.7956725222075768, 0.8235071757667368], "f1": [0.7718667799683123, 0.6535275611183615, 0.6181167930316399, 0.6674897142672905, 0.6961323886450781, 0.6331924799028034, 0.5448955762531247, 0.6549190679834344, 0.7616877381569935, 0.8056971328940863, 0.810826247862359, 0.7834041499745925, 0.8185841291275938], "n_train": [20, 30, 40, 50, 60, 70, 80, 90, 100, 110, 120, 130, 140]}}