{"bald": {"acc": [0.6563333333333333, 0.6386333333333333, 0.6583, 0.7003000000000001, 0.7160333333333333, 0.6822333333333332, 0.7263666666666666, 0.7400666666666667, 0.8237, 0.8389, 0.8442000000000002, 0.8494333333333334, 0.8581333333333333], "b_acc": [0.6546584573066897, 0.6396865002488534, 0.6588772904537008, 0.7008702731486719, 0.7159594754239935, 0.681960197325882, 0.7266640578256617, 0.7404159822706389, 0.8240409871050309, 0.8391056586446656, 0.8442394095150988, 0.8496783696884689, 0.8582416891005229], "f1": [0.6564799318439984, 0.6254487866834021, 0.6305594914402903, 0.670557673683396, 0.6974327346061301, 0.6513235113392122, 0.6920210107132688, 0.7114362394768582, 0.8187480486329222, 0.8359001800348302, 0.8419189610976732, 0.8458457166463699, 0.8568083815382771], "n_train": [20, 30, 40, 50, 60, 70, 80, 90, 100, 110, 120, 130, 140]}}