{"bald": {"acc": [0.6673333333333334, 0.653, 0.6438333333333333, 0.6967999999999999, 0.7024999999999999, 0.6094666666666667, 0.6429666666666667, 0.6624666666666666, 0.8074333333333333, 0.8150666666666666, 0.8320666666666666, 0.8139, 0.8184999999999999], "b_acc": [0.6693453005480927, 0.6539940050818858, 0.6440552926482445, 0.6970669951533961, 0.7028079745015466, 0.6101411920382533, 0.643296561097573, 0.6629806077933036, 0.8080728478968393, 0.815910236294983, 0.8325000525648072, 0.8146890795423045, 0.8192822630054584], "f1": [0.6572014277860381, 0.6412526210454643, 0.6212458062606231, 0.6870974734053746, 0.6880516316573725, 0.5734521952433791, 0.6158577259396979, 0.6376419927205007, 0.8038166004726508, 0.8098530591543041, 0.8302617322617472, 0.8081960620317167, 0.8145241149507105], "n_train": [20, 30, 40, 50, 60, 70, 80, 90, 100, 110, 120, 130, 140]}}