{"bald": {"acc": [0.7383333333333333, 0.7393333333333334, 0.7147666666666667, 0.7258, 0.7047999999999999, 0.6841666666666667, 0.6804, 0.6748000000000001, 0.8238666666666667, 0.8343, 0.8569666666666667, 0.8471666666666666, 0.8586333333333334], "b_acc": [0.7391322884518594, 0.740194362706464, 0.7152025105955501, 0.7255168740906034, 0.7045954912924999, 0.68368592792741, 0.6801968714346257, 0.674455064582298, 0.8244117162405555, 0.8349322010991781, 0.857185448208087, 0.8472350307464745, 0.858819129410827], "f1": [0.7419646671665925, 0.7363272774728432, 0.7059489425773733, 0.7098424695196414, 0.679312747770233, 0.6573591873830578, 0.6523211110884736, 0.6390587082642973, 0.8204918973070573, 0.831049433512578, 0.855872033981646, 0.8444474639500659, 0.8571417954964845], "n_train": [20, 30, 40, 50, 60, 70, 80, 90, 100, 110, 120, 130, 140]}}