{"bald": {"acc": [0.6630000000000001, 0.6974666666666666, 0.6169333333333333, 0.6722666666666667, 0.6854999999999999, 0.5926333333333333, 0.5708333333333333, 0.6168666666666667, 0.7743, 0.7799666666666667, 0.8127666666666666, 0.7804, 0.8128], "b_acc": [0.662449376962522, 0.6974285376287581, 0.6181929961048447, 0.6736409537876277, 0.6875481409701022, 0.5944728875038892, 0.5731399584653767, 0.6195075532839524, 0.7760506780838264, 0.7812052823792284, 0.8140035151760706, 0.781619634375988, 0.8137171855784242], "f1": [0.6672990745783941, 0.6886362040158527, 0.5932862870768161, 0.6514362637561609, 0.6598833614975199, 0.5444105767716129, 0.505357089983997, 0.5519847743250879, 0.7571842152118149, 0.7694226892425815, 0.8059104073390916, 0.7707911603360589, 0.8057279202229379], "n_train": [20, 30, 40, 50, 60, 70, 80, 90, 100, 110, 120, 130, 140]}}