{"var_ratios": {"acc": [0.5465004793863856, 0.5438159156279962, 0.5865771812080537, 0.5880153403643336, 0.6031639501438159, 0.6312559923298179, 0.6484180249280921, 0.6606903163950144, 0.6716203259827422, 0.6818791946308724, 0.6843720038350911, 0.6902205177372963, 0.6930009587727708], "b_acc": [0.511061661506708, 0.5168844599243205, 0.5267741658066736, 0.5302911076711386, 0.5364834881320949, 0.5401866185070519, 0.5535560715514276, 0.5565555125558996, 0.5788970588235295, 0.5853033625730993, 0.588559941520468, 0.5953566821465428, 0.5936149810801514], "f1": [0.5597257630213405, 0.557200470231986, 0.5868988707756627, 0.5892086585288047, 0.6001040996698626, 0.6144017123260072, 0.6303121272954595, 0.6361912753906205, 0.6532554387826893, 0.6607893158057616, 0.6639522912708096, 0.67121945047308, 0.6706026269468609], "n_train": [20, 30, 40, 50, 60, 70, 80, 90, 100, 110, 120, 130, 140]}}