{"var_ratios": {"acc": [0.4477468839884947, 0.5022051773729627, 0.5848513902205178, 0.62320230105465, 0.6675934803451582, 0.6609779482262703, 0.6892617449664429, 0.7090124640460211, 0.7158197507190796, 0.7145733461169703, 0.7367209971236817, 0.7222435282837967, 0.7371045062320231], "b_acc": [0.47452915376676985, 0.5160221018231854, 0.5310721964224286, 0.5421205280357757, 0.5740172428620571, 0.5588977038183695, 0.5786156260749914, 0.5843003955968353, 0.5955471706226351, 0.6079596663226695, 0.6226356639146887, 0.6134298675610594, 0.6225720244238047], "f1": [0.4644127769447781, 0.513620874679933, 0.5837618709469308, 0.5961649320139089, 0.6334634752041749, 0.6255266030231049, 0.6480448202418747, 0.65630902140149, 0.6690819769034466, 0.6818366864982239, 0.699393798075132, 0.6890098299228407, 0.6999369339939002], "n_train": [20, 30, 40, 50, 60, 70, 80, 90, 100, 110, 120, 130, 140]}}