{"bald": {"acc": [0.4659635666347076, 0.5663470757430489, 0.6155321188878236, 0.6354745925215725, 0.6436241610738255, 0.661457334611697, 0.6745925215723874, 0.6805369127516779, 0.6903163950143816, 0.6968360498561841, 0.7061361457334612, 0.7215723873441995, 0.7259827420901246], "b_acc": [0.4868700550395598, 0.5602612229102166, 0.5630248108015136, 0.5761035861713107, 0.5766290419676643, 0.5717920106639147, 0.5887317251461989, 0.5955979102167184, 0.6234223426212591, 0.6249011007911937, 0.6326614637082902, 0.6411960354317165, 0.6489996130030959], "f1": [0.48369032032477477, 0.5794104378402551, 0.6162264970228163, 0.634365769120524, 0.6376454015293257, 0.6429122226353726, 0.65977788254921, 0.66508655026213, 0.6827899284608897, 0.6873956280012729, 0.6958744702477258, 0.7083371066685142, 0.7139964063158702], "n_train": [20, 30, 40, 50, 60, 70, 80, 90, 100, 110, 120, 130, 140]}}