{"bald": {"acc": [0.5234899328859061, 0.5834132310642377, 0.6080536912751677, 0.611313518696069, 0.6213806327900289, 0.6598274209012464, 0.6663470757430489, 0.6842761265580058, 0.6734419942473634, 0.699712368168744, 0.7126558005752636, 0.7239693192713327, 0.7139980824544583], "b_acc": [0.5336579807361542, 0.5606727296181631, 0.5636683006535947, 0.5700410646714826, 0.576735251117991, 0.5797443670450635, 0.5951358789129688, 0.6023178964568283, 0.6193087805297558, 0.6330445906432749, 0.6412246302029583, 0.6456634846921225, 0.6444160646714826], "f1": [0.5412086298320294, 0.595551453711277, 0.6106616212529842, 0.6150091788331186, 0.6254908443272739, 0.6485587781753541, 0.6577322788704812, 0.6709755562658567, 0.670895516732015, 0.6928089475022818, 0.703764680403199, 0.711231726903039, 0.7061669295059612], "n_train": [20, 30, 40, 50, 60, 70, 80, 90, 100, 110, 120, 130, 140]}}