{"var_ratios": {"acc": [0.4046021093000959, 0.5637583892617449, 0.6024928092042187, 0.6268456375838926, 0.6553211888782359, 0.6688398849472674, 0.6772770853307766, 0.686097794822627, 0.6984659635666348, 0.7082454458293383, 0.7158197507190796, 0.729817833173538, 0.7317353787152445], "b_acc": [0.4791279669762642, 0.5244152046783626, 0.5216578517371862, 0.5192384760921913, 0.5404609563123495, 0.5478627020983833, 0.5479990110079119, 0.5592530959752321, 0.5801610337117303, 0.5869029497764017, 0.5985345717234263, 0.6231836945304439, 0.6176588837289302], "f1": [0.40145228167760305, 0.5703702715022783, 0.5875274204578542, 0.6003427532172964, 0.6206361742957425, 0.6301675868201247, 0.6311507229564256, 0.6423546283951704, 0.663216129896799, 0.6707774151532011, 0.682070575784483, 0.7031401625136974, 0.7001779978843025], "n_train": [20, 30, 40, 50, 60, 70, 80, 90, 100, 110, 120, 130, 140]}}