{"bald": {"acc": [0.5522531160115054, 0.6004793863854266, 0.6561840843720038, 0.6497603068072867, 0.6770853307766059, 0.6829338446788111, 0.6982742090124641, 0.7186001917545543, 0.7326941514860976, 0.7288590604026844, 0.7325023969319272, 0.7364333652924258, 0.7392138063279002], "b_acc": [0.5177889576883385, 0.5349658152734778, 0.5781297299621604, 0.5786835655314757, 0.591390823873409, 0.5914445734434124, 0.6022142672858617, 0.6104495614035088, 0.6169023047815617, 0.6052476780185758, 0.6085694014447884, 0.6187570949432405, 0.6099309855521156], "f1": [0.5653106370633532, 0.5973061423355596, 0.6424438840260565, 0.6422817961842208, 0.6604648847006691, 0.6637006574800698, 0.677068893312945, 0.6899636268462598, 0.6999302903190966, 0.6900993838842021, 0.6930914942531632, 0.7010221519058066, 0.696010256067815], "n_train": [20, 30, 40, 50, 60, 70, 80, 90, 100, 110, 120, 130, 140]}}