{"bald": {"acc": [0.5522531160115054, 0.5920421860019175, 0.6139980824544582, 0.6018216682646214, 0.6343240651965485, 0.6534036433365292, 0.6714285714285715, 0.6717162032598274, 0.6853307766059443, 0.6906040268456376, 0.7090124640460211, 0.7093959731543624, 0.7239693192713326], "b_acc": [0.5177889576883385, 0.5493397402820779, 0.5385266167870657, 0.548655830753354, 0.5595650584795322, 0.5554600963192294, 0.5713323443412454, 0.5781129600963192, 0.6123000515995872, 0.6206432748538011, 0.6252704678362574, 0.6348518661850706, 0.644639232886137], "f1": [0.5653106370633532, 0.5976989857444998, 0.6034419671328228, 0.5986212819940906, 0.6226064928573088, 0.630188349563187, 0.6466743246783389, 0.6511292655972273, 0.6770622627507302, 0.6833677964392224, 0.6951108809083234, 0.6997698134827525, 0.7116005185838301], "n_train": [20, 30, 40, 50, 60, 70, 80, 90, 100, 110, 120, 130, 140]}}