{"random": {"acc": [0.4477468839884947, 0.48954937679769894, 0.5581016299137104, 0.6039309683604985, 0.6339405560882072, 0.6626078619367209, 0.6581975071907957, 0.6769894534995207, 0.6408437200383509, 0.6883029721955897, 0.6920421860019176, 0.7117929050814957, 0.6919463087248323], "b_acc": [0.47452915376676985, 0.5205121259029928, 0.5179280615755073, 0.5378925868593052, 0.5416189370485036, 0.5253390522875817, 0.5316189370485036, 0.5483028035775714, 0.5572028723770209, 0.5932849587203302, 0.5995781733746129, 0.6016780615755073, 0.5828646370829034], "f1": [0.4644127769447781, 0.4999173832408818, 0.5467770599809932, 0.5958097521588435, 0.6110851884802352, 0.6011894814193879, 0.6066302199007317, 0.6235970777180618, 0.6259074534750735, 0.6650595210082082, 0.6737057030057667, 0.678716988312307, 0.6639174178341354], "n_train": [20, 30, 40, 50, 60, 70, 80, 90, 100, 110, 120, 130, 140]}}