{"bald": {"acc": [0.4659635666347076, 0.5720038350910834, 0.626941514860978, 0.6474592521572388, 0.6707574304889741, 0.6848513902205178, 0.6991371045062319, 0.7131351869606903, 0.7166826462128476, 0.7117929050814956, 0.7233940556088208, 0.7325023969319272, 0.7341323106423777], "b_acc": [0.4868700550395598, 0.5515552975576196, 0.5809337375300998, 0.5811992604059167, 0.58390544375645, 0.583359133126935, 0.593877063983488, 0.6134902820777433, 0.6119627192982456, 0.6027876676986585, 0.6084591073271414, 0.6204336515307876, 0.6208460182318541], "f1": [0.48369032032477477, 0.5825137891989154, 0.6315413206338991, 0.6420372398809284, 0.656344799233987, 0.6608563955981549, 0.6727124674006433, 0.6884558294836223, 0.6899237757434556, 0.6826078924628514, 0.6895664804568543, 0.7011152809289944, 0.7023067781286465], "n_train": [20, 30, 40, 50, 60, 70, 80, 90, 100, 110, 120, 130, 140]}}