{"var_ratios": {"acc": [0.4966442953020135, 0.5609779482262703, 0.6392138063279001, 0.6465963566634707, 0.6766059443911793, 0.6865771812080536, 0.7008628954937679, 0.6973154362416107, 0.7021093000958771, 0.7170661553211889, 0.7139980824544583, 0.7267497603068073, 0.7379674017257909], "b_acc": [0.5073851909184726, 0.5143780099759201, 0.5153936618507052, 0.5327758427932577, 0.5431598297213623, 0.5437244152046784, 0.556376203990368, 0.5520143188854489, 0.5736670106639148, 0.5866342019263845, 0.593032765737874, 0.5975743894048847, 0.6176489938080495], "f1": [0.5150516561915941, 0.5645062560552264, 0.5992015048361455, 0.6082211697062817, 0.6229902365428672, 0.6160580682749158, 0.6338396351473908, 0.6276048725294728, 0.653993782918732, 0.6692952172067883, 0.6736307353113155, 0.6812522565393538, 0.7010002825957221], "n_train": [20, 30, 40, 50, 60, 70, 80, 90, 100, 110, 120, 130, 140]}}