{"bald": {"acc": [0.4477468839884947, 0.5223394055608821, 0.6022051773729624, 0.6494726749760307, 0.6763183125599234, 0.6819750719079578, 0.6741131351869607, 0.6828379674017258, 0.6865771812080538, 0.7031639501438159, 0.7131351869606903, 0.7163950143815916, 0.7318312559923299], "b_acc": [0.47452915376676985, 0.487672213622291, 0.5219616443068457, 0.5261530357757137, 0.5374034657722738, 0.5467073013415893, 0.5419517543859649, 0.5537338751289991, 0.5823045665634674, 0.6022564069487444, 0.6050402046783625, 0.6152539129686962, 0.6372744668042655], "f1": [0.4644127769447781, 0.5217003805456032, 0.5741690710330195, 0.5961398054125542, 0.6153727516822557, 0.6174582923105871, 0.6147327676305568, 0.619867911328176, 0.6535243993632067, 0.6769036725012134, 0.6806674008437532, 0.6914695778228002, 0.7111977355554532], "n_train": [20, 30, 40, 50, 60, 70, 80, 90, 100, 110, 120, 130, 140]}}