{"random": {"acc": [0.4046021093000959, 0.49875359539789066, 0.5627996164908916, 0.5739213806327901, 0.5922339405560881, 0.6310642377756471, 0.6370086289549377, 0.6263662511984659, 0.639693192713327, 0.6573346116970278, 0.6720038350910833, 0.6820709491850432, 0.6937679769894535], "b_acc": [0.4791279669762642, 0.5298247764017888, 0.5469371345029239, 0.5574679652562781, 0.5655252407980735, 0.5509730822153422, 0.5621923374613004, 0.561141640866873, 0.5897430770553835, 0.6018380202958376, 0.6100730994152047, 0.6149748452012385, 0.6148262813897489], "f1": [0.40145228167760305, 0.5122904998187299, 0.5701621078546925, 0.5869144563445596, 0.601582891547147, 0.6203211455375433, 0.6279898951647221, 0.6228291432954879, 0.6414016315083625, 0.6570512248524467, 0.6691973427269785, 0.6747126756347244, 0.6825326462247603], "n_train": [20, 30, 40, 50, 60, 70, 80, 90, 100, 110, 120, 130, 140]}}