{"bald": {"acc": [0.5465004793863856, 0.5339405560882071, 0.5791946308724831, 0.5790028763183126, 0.5995206136145732, 0.6322147651006711, 0.6431447746883988, 0.6521572387344198, 0.6448705656759348, 0.6442953020134228, 0.6621284755512942, 0.6824544582933846, 0.6787152444870566], "b_acc": [0.511061661506708, 0.5212545149638803, 0.5332058393532851, 0.5421145080839354, 0.5492083763329894, 0.5603418472652217, 0.5677463880288958, 0.5669336945304437, 0.5920420536635707, 0.5925642844857241, 0.6017253611971105, 0.6178132524939801, 0.6226160990712075], "f1": [0.5597257630213405, 0.5494876161729813, 0.5852302986910212, 0.5870879305896765, 0.6019410553669257, 0.6250377627204788, 0.6329611919380133, 0.6371028774045767, 0.6458764419152141, 0.6449121810322442, 0.6579948908354594, 0.6768875701030368, 0.6776571888197255], "n_train": [20, 30, 40, 50, 60, 70, 80, 90, 100, 110, 120, 130, 140]}}