{"bald": {"acc": [0.5465004793863856, 0.6133269415148609, 0.6552253116011505, 0.6414189837008628, 0.6667305848513901, 0.6703739213806327, 0.697986577181208, 0.7000000000000001, 0.7079578139980824, 0.7079578139980824, 0.7223394055608822, 0.7179290508149568, 0.7227229146692234], "b_acc": [0.511061661506708, 0.5402597179222566, 0.5666806415548675, 0.572983316133471, 0.5802205882352942, 0.5851640436876505, 0.6064443584451323, 0.6154138716890265, 0.6058139834881321, 0.603424062607499, 0.6121336429308566, 0.6182428190574475, 0.6120700034399725], "f1": [0.5597257630213405, 0.6094310528981173, 0.6358079394089707, 0.6349949562293846, 0.6518476015007248, 0.653227797815373, 0.6797634783416777, 0.6846907515988517, 0.6827990875167343, 0.6812877666598742, 0.6927869123909424, 0.6938694734430156, 0.6924056983570704], "n_train": [20, 30, 40, 50, 60, 70, 80, 90, 100, 110, 120, 130, 140]}}