{"bald": {"acc": [0.5234899328859061, 0.6140939597315437, 0.6501438159156281, 0.6766059443911792, 0.6832214765100671, 0.6931927133269417, 0.7125599232981783, 0.7035474592521573, 0.7214765100671141, 0.7204218600191755, 0.7330776605944391, 0.7374880153403642, 0.7373921380632791], "b_acc": [0.5336579807361542, 0.5659094427244582, 0.5789613433092536, 0.5951406088751291, 0.5970302287581699, 0.5871815875472997, 0.6146099931200552, 0.6142277261781907, 0.6177395080839353, 0.611171525627795, 0.6193139404884761, 0.6246422428620572, 0.6200490196078432], "f1": [0.5412086298320294, 0.6183868426324437, 0.6421367462326857, 0.664673040078626, 0.6690261982239318, 0.6637504260591107, 0.6901315382426728, 0.6856271300264638, 0.6964962427739608, 0.6922442271809811, 0.701319977842211, 0.706944009037234, 0.7037951942045065], "n_train": [20, 30, 40, 50, 60, 70, 80, 90, 100, 110, 120, 130, 140]}}