{"bald": {"acc": [0.4985618408437201, 0.6131351869606905, 0.6395014381591563, 0.6584851390220517, 0.6803451581975073, 0.7030680728667307, 0.6933844678811122, 0.7051773729626077, 0.7374880153403642, 0.7352828379674017, 0.7454458293384468, 0.7419942473633749, 0.748418024928092], "b_acc": [0.5045063639490885, 0.5607765737874096, 0.5380501805985552, 0.5566653766769866, 0.5599516253869969, 0.5611315359477124, 0.5640187478500173, 0.5905701754385965, 0.6336044461644306, 0.6501876934984521, 0.6490133728930167, 0.6351612487100102, 0.648093395252838], "f1": [0.5172074716341076, 0.6129219412435096, 0.6078224408619135, 0.626232882599021, 0.6352341932605797, 0.6375845810189722, 0.6333931670473862, 0.66404948787146, 0.7122587526370197, 0.719414471940074, 0.7243675969994932, 0.7144368129867268, 0.7250854346263601], "n_train": [20, 30, 40, 50, 60, 70, 80, 90, 100, 110, 120, 130, 140]}}