{"bald": {"acc": [0.5522531160115054, 0.5958772770853307, 0.6305848513902206, 0.6644295302013423, 0.6855225311601151, 0.6860977948226271, 0.6977948226270374, 0.7068072866730585, 0.7175455417066157, 0.7183125599232982, 0.7241610738255032, 0.739117929050815, 0.7349952061361457], "b_acc": [0.5177889576883385, 0.5366683866529067, 0.570171998624011, 0.5855529755761955, 0.6108172084623322, 0.598686790505676, 0.593502321981424, 0.6116382868937049, 0.6066982714138286, 0.6046931974544203, 0.6084171826625389, 0.625139963880289, 0.6161790505675955], "f1": [0.5653106370633532, 0.5958129468675128, 0.6271010156963036, 0.6520501379390806, 0.6734106788247587, 0.6690796546569872, 0.6699901070987251, 0.685250370727178, 0.6879169481828277, 0.685778730731408, 0.6908244349613547, 0.7074935245942163, 0.6996000807728846], "n_train": [20, 30, 40, 50, 60, 70, 80, 90, 100, 110, 120, 130, 140]}}