{"bald": {"acc": [0.4046021093000959, 0.5635666347075744, 0.6018216682646214, 0.636241610738255, 0.6511025886864813, 0.6834132310642378, 0.6856184084372003, 0.7094918504314477, 0.7200383509108341, 0.712464046021093, 0.7240651965484179, 0.7299137104506231, 0.7389261744966442], "b_acc": [0.4791279669762642, 0.5311046611627106, 0.5493386652906777, 0.5595029239766083, 0.5707789387684897, 0.5900847093223255, 0.5924501203990368, 0.6225449346405227, 0.6293302803577572, 0.6165036979704163, 0.6231140350877192, 0.6324714052287581, 0.6359264275885792], "f1": [0.40145228167760305, 0.5722760287651905, 0.6009664660343708, 0.6260170812005881, 0.6399958736449265, 0.6642693624532671, 0.6641075947491601, 0.6937190822637284, 0.7026563601872647, 0.6912349918944983, 0.7009430674422165, 0.7074942885133518, 0.7144090565583958], "n_train": [20, 30, 40, 50, 60, 70, 80, 90, 100, 110, 120, 130, 140]}}