{"random": {"acc": [0.4046021093000959, 0.5825503355704699, 0.6291466922339406, 0.6380632790028764, 0.6580057526366252, 0.689837008628955, 0.679386385426654, 0.6977948226270374, 0.7024928092042186, 0.7077660594439117, 0.7173537871524449, 0.7228187919463087, 0.7262703739213807], "b_acc": [0.4791279669762642, 0.5345267887856897, 0.5366956914344685, 0.5498116615067079, 0.5574277605779154, 0.5799711902304783, 0.5721456828345375, 0.590856338149295, 0.6073183264533883, 0.6049922600619195, 0.6065593825249398, 0.6209309425524595, 0.6173707860337118], "f1": [0.40145228167760305, 0.5880714005020142, 0.609601667789285, 0.6189621571714395, 0.6279707112784326, 0.6563742829554853, 0.6492804550606853, 0.6699116871668351, 0.6828127975922682, 0.6838789219879223, 0.6883301062926589, 0.6990441404038984, 0.6981522031987197], "n_train": [20, 30, 40, 50, 60, 70, 80, 90, 100, 110, 120, 130, 140]}}