{"bald": {"acc": [0.4966442953020135, 0.5925215723873443, 0.6252157238734419, 0.6455417066155322, 0.6679769894534995, 0.6810162991371046, 0.6731543624161074, 0.6795781399808247, 0.7112176414189837, 0.714189837008629, 0.7066155321188878, 0.713614573346117, 0.7393096836049856], "b_acc": [0.5073851909184726, 0.5217761007911936, 0.5471637426900585, 0.5530944702442381, 0.5682348641210871, 0.5655589955280357, 0.5674610853113176, 0.5844902390780875, 0.616625171998624, 0.6113521241830066, 0.6128650670794633, 0.6227143532851738, 0.6416668816649467], "f1": [0.5150516561915941, 0.5879324491529753, 0.6173651327342121, 0.627061082508504, 0.6468087508439585, 0.6426460574764784, 0.6440538605358593, 0.656314449692648, 0.6912549098995473, 0.6891414967000908, 0.6868355025561196, 0.6958221871846655, 0.7174787932692727], "n_train": [20, 30, 40, 50, 60, 70, 80, 90, 100, 110, 120, 130, 140]}}