{"bald": {"acc": [0.5800575263662512, 0.5855225311601151, 0.6357622243528284, 0.6509108341323107, 0.661744966442953, 0.6741131351869607, 0.6820709491850432, 0.6803451581975072, 0.6786193672099712, 0.7049856184084373, 0.7040268456375838, 0.7114093959731544, 0.7290508149568552], "b_acc": [0.5114680082559339, 0.5419715342277261, 0.5425969642242863, 0.529669977640179, 0.5314570433436533, 0.5379401014791882, 0.5242432060543515, 0.5270048589611284, 0.565188553491572, 0.6028930168558653, 0.5961384158926728, 0.6049851651186791, 0.6287736498108015], "f1": [0.5811112362719858, 0.5861409654720969, 0.6131595005277873, 0.6113918964474165, 0.6127154573654555, 0.6182790536025589, 0.6042194784894904, 0.6047605591740822, 0.64525760842621, 0.6778611166924873, 0.6753861686870608, 0.6827373180615713, 0.7049520014043275], "n_train": [20, 30, 40, 50, 60, 70, 80, 90, 100, 110, 120, 130, 140]}}