{"var_ratios": {"acc": [0.4046021093000959, 0.5008628954937681, 0.5790028763183126, 0.5751677852348994, 0.595397890699904, 0.6308724832214765, 0.645254074784276, 0.6465963566634707, 0.675071907957814, 0.6843720038350911, 0.6961649089165868, 0.7042186001917546, 0.7118887823585811], "b_acc": [0.4791279669762642, 0.5342546009631923, 0.552954506363949, 0.5516277519779841, 0.5646587977296182, 0.557406475748194, 0.5778095975232198, 0.5804889060887513, 0.6139170536635706, 0.6185193068455452, 0.6202326281389748, 0.6142870657034745, 0.6316215170278638], "f1": [0.40145228167760305, 0.5108411641104654, 0.5843631674876606, 0.5804012945870921, 0.6020948471588912, 0.6216065129643982, 0.638648995629497, 0.6411461922125605, 0.6710234146834207, 0.6778384039797366, 0.685577938119744, 0.685968795509132, 0.6989729878439916], "n_train": [20, 30, 40, 50, 60, 70, 80, 90, 100, 110, 120, 130, 140]}}