{"bald": {"acc": [0.4046021093000959, 0.5318312559923297, 0.5943432406519655, 0.6043144774688398, 0.6205177372962607, 0.6395973154362415, 0.6611697027804411, 0.6640460210930009, 0.6610738255033557, 0.6918504314477468, 0.6837967401725792, 0.7018216682646213, 0.7089165867689358], "b_acc": [0.4791279669762642, 0.5487472050223599, 0.548189714482284, 0.5659105177158582, 0.5679162366701067, 0.5653476522187824, 0.5752539129686962, 0.5764837031303751, 0.6099236756105951, 0.6323006965944272, 0.6321861025111799, 0.6365355177158583, 0.6383455882352942], "f1": [0.40145228167760305, 0.5475609358686344, 0.5966194920708173, 0.6066742035649404, 0.6173707809553749, 0.6275897255581219, 0.6434404559283531, 0.645689860380241, 0.6591292031335669, 0.6878187391244148, 0.6827852638848994, 0.6954042845970184, 0.699593379645564], "n_train": [20, 30, 40, 50, 60, 70, 80, 90, 100, 110, 120, 130, 140]}}