{"bald": {"acc": [0.541706615532119, 0.5884947267497603, 0.6138063279002876, 0.6525407478427613, 0.6816874400767018, 0.6809204218600191, 0.7122722914669224, 0.7059443911792905, 0.7367209971236817, 0.7355704697986578, 0.7465004793863854, 0.7469798657718121, 0.7540747842761266], "b_acc": [0.5502665978672169, 0.5582931286549708, 0.5573363863089096, 0.5725034399724802, 0.5917367561059512, 0.5738542741658067, 0.6094511093911249, 0.6198047815617475, 0.6524243206054352, 0.639982800137599, 0.6526793085655315, 0.6523436962504299, 0.6524466804265566], "f1": [0.5589020467798231, 0.5958794816182601, 0.6114661792188937, 0.6387651034540119, 0.6606875421857958, 0.6418100110872654, 0.6817665120627832, 0.6861119103339299, 0.7219845297002563, 0.7143939029811794, 0.7269145480971722, 0.7265084816901711, 0.7299078891079521], "n_train": [20, 30, 40, 50, 60, 70, 80, 90, 100, 110, 120, 130, 140]}}