{"bald": {"acc": [0.5105860250018066, 0.48296119661825276, 0.4811691596213599, 0.5211648240479804, 0.546961485656478, 0.5024062432256665, 0.5357684803815305, 0.5567815593612255, 0.6269239106871883, 0.6335645639135776, 0.6503576848038153, 0.6253342004480092, 0.6504660741383048], "b_acc": [0.5104480999851966, 0.4822483112314102, 0.4820995763640168, 0.5223935999221853, 0.5485581938746766, 0.5041590102696976, 0.5378265539484841, 0.5586038612590255, 0.6284251618026466, 0.6350612918182106, 0.6510817909852278, 0.6270111975079414, 0.6517099362166837], "f1": [0.4878092633394634, 0.4481332330484797, 0.43380996576004066, 0.47534977210794793, 0.504011885779137, 0.4462265708146642, 0.49780701325676474, 0.5232106350912165, 0.6107772287539234, 0.6213853936517626, 0.6434725122042961, 0.6086625360951194, 0.6410829135287269], "n_train": [20, 30, 40, 50, 60, 70, 80, 90, 100, 110, 120, 130, 140]}}