{"bald": {"acc": [0.47012067345906494, 0.4315051665582773, 0.40947322783438106, 0.47522219813570343, 0.4549172628080064, 0.43264686754823317, 0.4760242792109256, 0.4786473011055712, 0.5800563624539345, 0.5979622805115976, 0.6310499313534214, 0.6004191054266926, 0.6347423946816967], "b_acc": [0.47018781912616336, 0.4316354034688354, 0.4106590081259581, 0.47539643346731175, 0.45579435449634415, 0.4338033000991297, 0.4767395308784879, 0.47998513201690773, 0.5809016288107435, 0.5984236569466137, 0.6309910058438558, 0.6005677339657842, 0.6340430854805981], "f1": [0.4388753765847676, 0.37943330676908743, 0.343139121922248, 0.42920641336811116, 0.3951789134071624, 0.3589674390192442, 0.4171320084870847, 0.42128100031700966, 0.5463771591846163, 0.575393785190233, 0.612194563851116, 0.5758076457859603, 0.6162170612743478], "n_train": [20, 30, 40, 50, 60, 70, 80, 90, 100, 110, 120, 130, 140]}}