{"bald": {"acc": [0.40248572873762545, 0.3757569188525182, 0.3770720427776574, 0.4272924344244526, 0.4565720066478792, 0.4477346629091697, 0.46186140617096616, 0.47147915311799976, 0.5492448876363899, 0.6009899559216707, 0.6056579232603512, 0.5977455018426187, 0.6218151600549173], "b_acc": [0.4012026994439267, 0.3745619254285595, 0.3782260698798675, 0.42801988371036115, 0.45810244506925796, 0.4485138869982507, 0.4628324214975704, 0.4723302653644419, 0.5497845215863408, 0.6007637606138823, 0.6055574847715088, 0.5975028380970201, 0.62153888247852], "f1": [0.3646995806303899, 0.38235331483960455, 0.3282637302614892, 0.38699539068486966, 0.4143800205423681, 0.378895025065015, 0.390917447245726, 0.40110782666952227, 0.5086684743595488, 0.5737119523749917, 0.583741913274218, 0.5699577753570368, 0.6030929185644263], "n_train": [20, 30, 40, 50, 60, 70, 80, 90, 100, 110, 120, 130, 140]}}