{"bald": {"acc": [0.48536743984391933, 0.45154996748319964, 0.43779174795866754, 0.47504877520052036, 0.4822241491437243, 0.4429077245465713, 0.44286436881277547, 0.41849122046390635, 0.5439843919358336, 0.5736830695859527, 0.5652070236288749, 0.5133896957872679, 0.5654888358985476], "b_acc": [0.48496359908623343, 0.45186648238723437, 0.441261890429383, 0.4791484097494962, 0.4863521181547374, 0.4485015273344157, 0.44890765662027776, 0.4247827885465984, 0.5478702987059918, 0.5773062547410253, 0.568356735042067, 0.5181862114592739, 0.5686592950044621], "f1": [0.461914600664877, 0.4059043265672506, 0.36161841826228036, 0.4054473966207426, 0.4170839165751423, 0.36868333044114765, 0.368259504243973, 0.34331517296376796, 0.5030119044042342, 0.5407179007115684, 0.5330161615399829, 0.4607148096541926, 0.5338523132544359], "n_train": [20, 30, 40, 50, 60, 70, 80, 90, 100, 110, 120, 130, 140]}}