{"bald": {"acc": [0.3871667027964448, 0.39586675337813426, 0.4007876291639569, 0.40526049570055644, 0.3948767974564637, 0.35236650046968715, 0.36608859021605605, 0.3508707276537323, 0.4696509863429438, 0.5083170749331599, 0.5041621504443963, 0.4699978322133103, 0.47798251318736906], "b_acc": [0.3850426164618784, 0.39464280707434696, 0.4023060608856805, 0.4083465207478622, 0.3979709073364794, 0.35650635716838097, 0.3704479607346045, 0.3557301664154765, 0.4732076239940211, 0.511545934681952, 0.5079153562303813, 0.4750752481863076, 0.4830357114390492], "f1": [0.3469746412694716, 0.321969181681686, 0.3431575203752519, 0.3498243035793044, 0.3288078550071569, 0.2886417705722912, 0.31414474879226006, 0.2978972993356205, 0.41708825664091653, 0.46573124352219714, 0.4688042351534206, 0.4122224644564957, 0.4252710215586554], "n_train": [20, 30, 40, 50, 60, 70, 80, 90, 100, 110, 120, 130, 140]}}