{"bald": {"acc": [0.5175229424091335, 0.47690584579810674, 0.4750993568899487, 0.4882216923188091, 0.4947539562107089, 0.4748536743984393, 0.4737842329648096, 0.4986704241635957, 0.5773032733579015, 0.5775634077606763, 0.6061059325095745, 0.5748247705759086, 0.5783438109690008], "b_acc": [0.5142814761945768, 0.47488580936140057, 0.47557686704228874, 0.4898891695815551, 0.4970357277790568, 0.4772599227063353, 0.4769115566180192, 0.5021112141241683, 0.5793742704804368, 0.5796955295167958, 0.6079662832209045, 0.576938777075718, 0.5807410984540324], "f1": [0.496838387326448, 0.46182764554077593, 0.44475122914814313, 0.4592106957904759, 0.4559685370512806, 0.4313586561046658, 0.4244613268545758, 0.4452928821380026, 0.5581329112002396, 0.557371059486546, 0.5970800238831574, 0.5560461371242389, 0.5556518352163113], "n_train": [20, 30, 40, 50, 60, 70, 80, 90, 100, 110, 120, 130, 140]}}