{"bald": {"acc": [0.40248572873762545, 0.4125081292000866, 0.4002673603584074, 0.4363754606546716, 0.4691668473155574, 0.453096321988583, 0.459563552279789, 0.47385649252113593, 0.5739504299443603, 0.5915167280872895, 0.6005347207168149, 0.6013006720138738, 0.6025435363826867], "b_acc": [0.4012026994439267, 0.4107356194617119, 0.3984485886032241, 0.4361735526785786, 0.469473783292557, 0.4539819827830446, 0.4607230880408135, 0.47567075304824896, 0.5757969007075332, 0.5931702427852256, 0.6021530506993326, 0.6026544376077696, 0.604669096588311], "f1": [0.3646995806303899, 0.36105287620758786, 0.3469954192196968, 0.4027956604539093, 0.4367312172091699, 0.4145739570515947, 0.43050933673514624, 0.45802949745053245, 0.557362469772909, 0.5803211065936372, 0.5937441728342779, 0.5958016484047521, 0.5927255461160394], "n_train": [20, 30, 40, 50, 60, 70, 80, 90, 100, 110, 120, 130, 140]}}