{"bald": {"acc": [0.4704097116843703, 0.45979478286003317, 0.44702651925717174, 0.477274369535371, 0.4810752221981357, 0.4189392297131295, 0.43285642026157956, 0.4267649396632705, 0.5180504371703158, 0.541260206662331, 0.5274441794927379, 0.48673314545848684, 0.5140906134836332], "b_acc": [0.4704887364700256, 0.46046663720772285, 0.44970395482525116, 0.4800492608794099, 0.4851844409104406, 0.42438582512656253, 0.4380997903679428, 0.4321648165416028, 0.5213701374483136, 0.5443169913847866, 0.5309987928443657, 0.49112003944362337, 0.5182264613891306], "f1": [0.45485096161002125, 0.42612601840775266, 0.3941018256520244, 0.44259171252726687, 0.43558301741530725, 0.34513875512057907, 0.36610451064935357, 0.3593489549045315, 0.4852876342047371, 0.5085825634684904, 0.4895675449800018, 0.4339933173657082, 0.46423867306546496], "n_train": [20, 30, 40, 50, 60, 70, 80, 90, 100, 110, 120, 130, 140]}}