{"bald": {"acc": [0.47012067345906494, 0.503107160922032, 0.48106799624250296, 0.501553580461016, 0.5148276609581617, 0.49012211865019156, 0.496264180937929, 0.5054845003251679, 0.5774694703374521, 0.6126743261796374, 0.6189464556687622, 0.5906279355444756, 0.6325240263024785], "b_acc": [0.47018781912616336, 0.5040362787264853, 0.4819572700547258, 0.5027055171280551, 0.5159369376276923, 0.4917935517295602, 0.4987240815727604, 0.5079177480219668, 0.5794747657556336, 0.6138276951438913, 0.6201889983806936, 0.5926287254453746, 0.633261612932754], "f1": [0.4388753765847676, 0.48561812199342863, 0.4553198204655372, 0.4759654735327009, 0.48813658417808653, 0.45904341809607185, 0.4702915699360076, 0.4712609271722166, 0.565383315476941, 0.6046663604712428, 0.6113995708706491, 0.5734052320615447, 0.6287740642317541], "n_train": [20, 30, 40, 50, 60, 70, 80, 90, 100, 110, 120, 130, 140]}}