{"bald": {"acc": [0.5105860250018066, 0.3754245248934171, 0.3698171833224944, 0.4005419466724474, 0.4245248934171544, 0.4095599393019727, 0.42395404292217653, 0.42659874268371994, 0.5600043355733795, 0.6032878098128477, 0.5944649179854036, 0.5808223137509937, 0.5886263458342366], "b_acc": [0.5104480999851966, 0.3771479920192767, 0.3721999543107749, 0.4026403516995905, 0.42749537681479294, 0.4125411416315742, 0.4274415705674617, 0.4296815308681798, 0.5621988607551879, 0.6046992356221645, 0.59584132979436, 0.5816523416897789, 0.589726073983333], "f1": [0.4878092633394634, 0.31624819711533336, 0.2831789198783746, 0.32132961400358545, 0.35403395676815863, 0.3283030884325061, 0.3278224019564068, 0.3338263293563085, 0.5242728351451891, 0.5754679454302729, 0.5677994337304225, 0.553387780447923, 0.5588974848827997], "n_train": [20, 30, 40, 50, 60, 70, 80, 90, 100, 110, 120, 130, 140]}}