{"bald": {"acc": [0.519401690873618, 0.5015824842835466, 0.44434568971746513, 0.4530240624322567, 0.4408194233687405, 0.4412891104848615, 0.45098634294385437, 0.43901293446058237, 0.5193655610954548, 0.5366789507912422, 0.540414769853313, 0.49937134185996096, 0.5202471276826361], "b_acc": [0.516266245314248, 0.5010990233229099, 0.447391614044253, 0.45616133683176613, 0.444730323154446, 0.44489748948351976, 0.4550919180091295, 0.4434370378447247, 0.5221464419254755, 0.5395252803118635, 0.5433636352952147, 0.5035663391040754, 0.523538390715723], "f1": [0.504444992808785, 0.4858712099586895, 0.4034182532222415, 0.4047304323774757, 0.3920691570854341, 0.39161193316778714, 0.39798824073415173, 0.38398335580019693, 0.4649182498781238, 0.47917350553258303, 0.487738370458805, 0.44024792158113046, 0.47334369339043925], "n_train": [20, 30, 40, 50, 60, 70, 80, 90, 100, 110, 120, 130, 140]}}