{"bald": {"acc": [0.6357243319268636, 0.6654477262072198, 0.6864978902953587, 0.7213314580403188, 0.7340834505391468, 0.7425222691045475, 0.7596812001875292, 0.7581809657759025, 0.7824191279887482, 0.7883263009845288, 0.7917487107360525, 0.8, 0.8013127051101734], "b_acc": [0.6350238181904507, 0.6651390581395963, 0.6859861733162412, 0.7207940979420873, 0.7336680540828545, 0.7422668692399809, 0.7594767647353622, 0.7581182310707371, 0.7819978793106176, 0.7879554602476248, 0.7912418693718644, 0.799558849130359, 0.8008366699901351], "f1": [0.6320046835728527, 0.6622572974120441, 0.6816526800791973, 0.7183545645427113, 0.7318126113096927, 0.7411720176654486, 0.7591281117644197, 0.7576222032179658, 0.7813897020385956, 0.7874472441836812, 0.7902510002576244, 0.7989554167196284, 0.7999950192985156], "n_train": [20, 30, 40, 50, 60, 70, 80, 90, 100, 110, 120, 130, 140]}}