{"bald": {"acc": [0.6160337552742616, 0.6450070323488044, 0.6488513830285981, 0.6844819503047351, 0.7214252226910455, 0.6999531176746366, 0.752836380684482, 0.7644163150492264, 0.7881856540084389, 0.7890764181903422, 0.7983591186122831, 0.8015471167369901, 0.8030942334739803], "b_acc": [0.6162488592062713, 0.6450270625286846, 0.6490311825744748, 0.6842995130854976, 0.7212828588158956, 0.7003457989776379, 0.7525168679211441, 0.764187385590918, 0.7877188609471358, 0.7885612019349972, 0.7979254699015093, 0.8010971402345419, 0.8026815906225437], "f1": [0.615697973465707, 0.6398337300808083, 0.6405847963074379, 0.6822172367517849, 0.7178829470799152, 0.6956733391046401, 0.7510771785869765, 0.762809959177779, 0.7869307042544158, 0.7871399293344811, 0.7974036321075972, 0.8004024599776411, 0.8018318263234813], "n_train": [20, 30, 40, 50, 60, 70, 80, 90, 100, 110, 120, 130, 140]}}