{"bald": {"acc": [0.5827473042662916, 0.6182841068917018, 0.6514299109235818, 0.6672292545710268, 0.680309423347398, 0.6779184247538679, 0.7036568213783403, 0.7266760431317393, 0.7447257383966245, 0.7438818565400844, 0.7581809657759024, 0.7697140178152837, 0.7771683075480543], "b_acc": [0.5814210201465491, 0.6175978972467965, 0.6505135550034027, 0.6665375525556417, 0.6797334367301291, 0.676921940694552, 0.7030292359715343, 0.7262431354550778, 0.7444411033915205, 0.7433446225753186, 0.757700819261346, 0.7692522459788671, 0.7768377989143336], "f1": [0.5672453695035207, 0.611032100580671, 0.6405707698218728, 0.6616414088648199, 0.6745362777961311, 0.6699364081060691, 0.7004653638867262, 0.72491311454219, 0.7433898315573415, 0.7415760927912121, 0.7563404946811423, 0.7679707133372855, 0.7762251639803377], "n_train": [20, 30, 40, 50, 60, 70, 80, 90, 100, 110, 120, 130, 140]}}