{"bald": {"acc": [0.5827473042662916, 0.6211439287388655, 0.6440693858415377, 0.6982184716361932, 0.7183778715424285, 0.724285044538209, 0.7427566807313641, 0.7593999062353494, 0.7805907172995781, 0.7751523675574309, 0.7845757149554616, 0.7859821847163619, 0.7918893577121426], "b_acc": [0.5814210201465491, 0.6199247208022747, 0.6439278121554539, 0.6975932549416812, 0.7178433327530451, 0.7241062243815974, 0.7425227235560057, 0.7591519352609449, 0.7800918965399, 0.7746334952864776, 0.7841585294443477, 0.7855281413370893, 0.7914441789186595], "f1": [0.5672453695035207, 0.606988670052628, 0.6423984714103995, 0.6954426061913577, 0.7160178591354939, 0.7233478684140523, 0.7416783411648834, 0.7585437992963713, 0.778846865240217, 0.7732407688507166, 0.7834557888410447, 0.7846376804160594, 0.7907373605158282], "n_train": [20, 30, 40, 50, 60, 70, 80, 90, 100, 110, 120, 130, 140]}}