{"bald": {"acc": [0.6240037505860291, 0.6644163150492266, 0.7057665260196906, 0.7224097515236757, 0.7366619784341303, 0.7364275668073136, 0.7554149085794656, 0.7604781997187061, 0.7877637130801687, 0.7877168307548054, 0.7938115330520394, 0.7918424753867792, 0.7903422409751524], "b_acc": [0.6243280527112646, 0.6648507604412299, 0.7057869234705452, 0.7223976714619568, 0.7367956752707572, 0.7365787266368082, 0.7555561270514504, 0.7606282410411425, 0.787682988589425, 0.7876905059585042, 0.7937960603710679, 0.7917919561513181, 0.7902520824431186], "f1": [0.6232374804276731, 0.6618313139883717, 0.7037058486861141, 0.7206766215423791, 0.7358168486024919, 0.7347958769929838, 0.7545743358088914, 0.7594955301437455, 0.7873696212695858, 0.7873684194670307, 0.7934618724603062, 0.7915386363298701, 0.7901058126550947], "n_train": [20, 30, 40, 50, 60, 70, 80, 90, 100, 110, 120, 130, 140]}}