{"bald": {"acc": [0.63384903891233, 0.7339896858884201, 0.7180028129395218, 0.759774964838256, 0.7547585560243788, 0.7349742147210502, 0.7420065635255509, 0.7504453820909517, 0.7920300046882326, 0.7969995311767464, 0.8010314111579934, 0.7969057665260196, 0.8019690576652602], "b_acc": [0.6344211098274436, 0.7337154003196861, 0.7182542822627016, 0.7593522665527191, 0.7545047504497232, 0.7350788136800291, 0.7420679886685553, 0.7507769266885066, 0.7918021111937581, 0.7968173833225188, 0.8008791365312484, 0.7967638385532889, 0.8018306771962587], "f1": [0.6314724703597366, 0.7317951979384639, 0.7128695640678596, 0.7581581191174533, 0.7536733412966093, 0.7325272094573055, 0.7403106489267383, 0.7485762922055312, 0.7914467515182393, 0.79636625219345, 0.8006994889470697, 0.7961997313846433, 0.8014755608326996], "n_train": [20, 30, 40, 50, 60, 70, 80, 90, 100, 110, 120, 130, 140]}}