{"bald": {"acc": [0.6357243319268636, 0.6371308016877638, 0.6684481950304735, 0.6917018284106891, 0.7164088138771683, 0.7168307548054383, 0.7263947491795594, 0.7425222691045477, 0.7601500234411628, 0.7536333802156587, 0.7621190811064229, 0.7737458977965307, 0.7795593061415848], "b_acc": [0.6350238181904507, 0.6365635600149819, 0.6678007343282638, 0.6910528800755429, 0.7158583516651633, 0.7159093906447002, 0.7253934089818055, 0.7418026387284303, 0.7596805250025058, 0.7529752955513002, 0.7614887819751953, 0.7732236588749796, 0.7790947241257431], "f1": [0.6320046835728527, 0.6316931944154157, 0.6582887196779502, 0.6865761542081922, 0.7132624971655358, 0.7096455067982153, 0.7194054954812814, 0.7391897620990193, 0.7586052041563633, 0.7511929663889308, 0.7597811334898991, 0.7722415314111498, 0.7782153966998223], "n_train": [20, 30, 40, 50, 60, 70, 80, 90, 100, 110, 120, 130, 140]}}