{"bald": {"acc": [0.6441631504922646, 0.640225035161744, 0.6767463666197844, 0.69915611814346, 0.703469292076887, 0.7056727613689638, 0.7318799812470698, 0.7384435067979371, 0.7751992498827942, 0.7845757149554616, 0.7853258321612752, 0.7822784810126582, 0.796108766994843], "b_acc": [0.6432981995241639, 0.640701805751183, 0.6768500640954627, 0.6989523161409783, 0.70317997900412, 0.7061237543587552, 0.7314727185444263, 0.7381110829759286, 0.7748317164395628, 0.7844407604939835, 0.7849818791840094, 0.7820857138335418, 0.795913057010672], "f1": [0.6386054966415327, 0.6324594707446237, 0.6720254191842828, 0.6969192776025502, 0.7010692861414594, 0.7032883870320229, 0.7285172938552121, 0.736766874299344, 0.7741704712551768, 0.7838284066377821, 0.7842358185480307, 0.7816053702203934, 0.7955139979134683], "n_train": [20, 30, 40, 50, 60, 70, 80, 90, 100, 110, 120, 130, 140]}}