{"bald": {"acc": [0.63384903891233, 0.6723863103609939, 0.6803094233473981, 0.692498827941866, 0.6888420065635255, 0.7144397562119081, 0.7220815752461321, 0.7394280356305674, 0.76615096108767, 0.7594936708860759, 0.7709798406000938, 0.7788091889357713, 0.7877168307548056], "b_acc": [0.6344211098274436, 0.6726305780197402, 0.6799160956103838, 0.6922511750834823, 0.6885150426511781, 0.7138601822104758, 0.7215389768992567, 0.7392001783067192, 0.7661578594753141, 0.7593749505436245, 0.7707426633115462, 0.7785654749658422, 0.7876516002764281], "f1": [0.6314724703597366, 0.6679217380812326, 0.6655622986358666, 0.6846336383613196, 0.6820894041127156, 0.7087638652763599, 0.7161627919671512, 0.7364763497642804, 0.7651247642013776, 0.7590529301930294, 0.769974327644832, 0.7781429970179501, 0.7874100986836988], "n_train": [20, 30, 40, 50, 60, 70, 80, 90, 100, 110, 120, 130, 140]}}