{"bald": {"acc": [0.6516643225503984, 0.6565400843881857, 0.6710736052508206, 0.7027191748710737, 0.735630567276137, 0.7272386310360994, 0.7570557899671824, 0.7653539615564933, 0.7789967182372245, 0.7967182372245663, 0.7987810595405531, 0.8067510548523206, 0.7988279418659165], "b_acc": [0.6523098105622991, 0.6563371421336667, 0.6711529534028624, 0.7023566292644585, 0.7353164680498626, 0.7273702132822679, 0.7569171665057686, 0.7652424549353507, 0.7786178327820596, 0.7964233149223733, 0.7983332542031326, 0.8065825776399155, 0.7985281782645164], "f1": [0.6487800236805567, 0.6485442274730111, 0.6653633913927279, 0.6988096519655944, 0.7310388031131672, 0.7235095220114144, 0.7543619256729797, 0.7640382657708009, 0.7771922052388309, 0.7955971750791339, 0.7975622839308708, 0.8062157754592679, 0.7973193918548844], "n_train": [20, 30, 40, 50, 60, 70, 80, 90, 100, 110, 120, 130, 140]}}