{"bald": {"acc": [0.6305672761368964, 0.6000937646507267, 0.6457102672292546, 0.6566807313642757, 0.7014533520862635, 0.6867791842475387, 0.7287388654477261, 0.7418659165494609, 0.7749648382559775, 0.780028129395218, 0.7770276605719644, 0.7821847163619315, 0.7926863572433194], "b_acc": [0.6302588612636565, 0.5992774093827318, 0.6455948217196574, 0.6558701420650872, 0.7008431322898697, 0.6861876915610279, 0.7280574590764978, 0.7413447386329466, 0.7744208988135746, 0.7796842441219448, 0.7763446858794796, 0.7818336841438904, 0.7922547359425198], "f1": [0.6298295631622198, 0.5847553137282329, 0.6362102377749587, 0.6453503910196792, 0.6947717336029967, 0.680534164362122, 0.723731816350128, 0.7383741923221816, 0.7726309935469157, 0.7792620250356169, 0.7735959690481038, 0.7809996387534379, 0.7913710508741103], "n_train": [20, 30, 40, 50, 60, 70, 80, 90, 100, 110, 120, 130, 140]}}