{"bald": {"acc": [0.6240037505860291, 0.6245194561650258, 0.6741209563994375, 0.6826535396155649, 0.690717299578059, 0.7171589310829817, 0.7352555086732301, 0.7440225035161744, 0.7657759024847632, 0.7698546647913737, 0.7741678387248008, 0.7881387716830754, 0.7918424753867792], "b_acc": [0.6243280527112646, 0.6253604380647919, 0.674734254408871, 0.6832224191684999, 0.6913729617379102, 0.717203960730319, 0.7352499986811634, 0.7440612784275247, 0.7660162164158241, 0.7699926408913227, 0.7742163472444227, 0.7880785077099193, 0.7918842747189558], "f1": [0.6232374804276731, 0.6180642380574369, 0.6705114925137569, 0.6802082798593847, 0.6878299554652886, 0.7158391463831003, 0.7343766406186174, 0.7426840844908463, 0.7652621805270453, 0.7696018550932118, 0.7739158712647282, 0.788040105372639, 0.7917915620234562], "n_train": [20, 30, 40, 50, 60, 70, 80, 90, 100, 110, 120, 130, 140]}}