{"bald": {"acc": [0.6394749179559306, 0.693764650726676, 0.6693858415377403, 0.719268635724332, 0.73370839193624, 0.7496015002344116, 0.7661040787623066, 0.7532114392873888, 0.7792311298640412, 0.7876230661040788, 0.7882794186591654, 0.795546179090483, 0.7996718237224566], "b_acc": [0.6395395149846222, 0.6937791792615571, 0.6703078428579718, 0.7195112655029251, 0.733931953302631, 0.7495188883789388, 0.7661897753229832, 0.7535493851583395, 0.7792488961336984, 0.7876765262896904, 0.788375114079373, 0.7954988104093141, 0.7996675212728357], "f1": [0.6394551070959801, 0.6922020379150247, 0.6608466080103081, 0.7179011764089804, 0.7318024611825796, 0.7487007129383435, 0.7653982639088823, 0.7513634025913662, 0.7786352889656626, 0.7868282575852478, 0.787435562805466, 0.7949211461732452, 0.7991582759951218], "n_train": [20, 30, 40, 50, 60, 70, 80, 90, 100, 110, 120, 130, 140]}}