{"bald": {"acc": [0.5733708391936239, 0.5872948898265353, 0.6434130332864509, 0.6646507266760431, 0.6753398968588843, 0.661462728551336, 0.7189873417721518, 0.73258321612752, 0.7630567276136896, 0.7734177215189872, 0.7769807782466011, 0.777262072198781, 0.8014533520862634], "b_acc": [0.5719056134964472, 0.5864182242127864, 0.6433644051255268, 0.6640541830861834, 0.6748104831690063, 0.661256402952084, 0.7185923001039243, 0.7321895062803003, 0.7624990108724896, 0.7729782233687309, 0.7765005723751195, 0.7768478220731058, 0.8011438270530332], "f1": [0.5538865284562661, 0.5698496415205645, 0.6324385506498498, 0.6571293521300506, 0.6612807103430411, 0.6318452386589126, 0.7128787891894458, 0.7283568878813298, 0.7610778750374696, 0.771585484642114, 0.7744705396273579, 0.7752247662567884, 0.8006286898872336], "n_train": [20, 30, 40, 50, 60, 70, 80, 90, 100, 110, 120, 130, 140]}}