{"bald": {"acc": [0.6394749179559306, 0.6488045007032348, 0.6819034224097515, 0.7054852320675105, 0.7107360525082045, 0.7211908110642288, 0.7275199249882794, 0.7472105016408814, 0.7743084857008907, 0.7627285513361464, 0.7702766057196438, 0.7822784810126582, 0.7836849507735584], "b_acc": [0.6395395149846222, 0.64937104678705, 0.6817132743549571, 0.7055339705952173, 0.7105074356012049, 0.720535078418029, 0.7269921028059568, 0.7466816750280912, 0.774285454286483, 0.7626571393904864, 0.7700806072979146, 0.7822044091347904, 0.7835357747637963], "f1": [0.6394551070959801, 0.6440027764875291, 0.677084786926457, 0.7042492291745305, 0.7094071819862277, 0.7166036159387462, 0.7254771267127904, 0.7449148815626404, 0.7740027362463, 0.7623051366793046, 0.7697419590700664, 0.7819624785975526, 0.7833692070597644], "n_train": [20, 30, 40, 50, 60, 70, 80, 90, 100, 110, 120, 130, 140]}}