{"bald": {"acc": [0.9164999999999999, 0.8727500000000001, 0.8929499999999999, 0.9073499999999999, 0.9138, 0.91655, 0.9232999999999999, 0.92515, 0.9258, 0.9294500000000001, 0.93295, 0.93405, 0.9366], "b_acc": [0.9168075520575274, 0.871983726361033, 0.8917004741556637, 0.907063838348653, 0.9133105914784109, 0.9155310753634242, 0.9227576701209863, 0.9249771530440754, 0.9256727715334436, 0.9287444734389748, 0.9323440326153433, 0.9337181531451725, 0.936244230705708], "f1": [0.916519315985896, 0.8725282969566251, 0.8926246990352791, 0.9072953043239209, 0.9137272307818634, 0.9163817888567731, 0.923231087209437, 0.9251293241670859, 0.9257768940369948, 0.9293573484896035, 0.9328823028592576, 0.93401755367132, 0.9365672772843677], "n_train": [20, 30, 40, 50, 60, 70, 80, 90, 100, 110, 120, 130, 140]}}