{"bald": {"acc": [0.9164999999999999, 0.8592000000000001, 0.8847000000000002, 0.9016500000000001, 0.90625, 0.8985499999999998, 0.92065, 0.9262, 0.925, 0.9289999999999999, 0.9309000000000001, 0.9323, 0.9369500000000001], "b_acc": [0.9168075520575274, 0.8580591948862859, 0.8837947267323898, 0.9007812007339053, 0.9058448669171073, 0.8967969718899864, 0.9195822685600863, 0.9255456493690437, 0.9249123407594698, 0.928860334781725, 0.9305759835201629, 0.9322907313928684, 0.9367885037521058], "f1": [0.916519315985896, 0.8583057949340965, 0.8844310693365982, 0.9014527155776157, 0.9061602621169307, 0.8980258366135694, 0.9204587440084786, 0.9261180777932237, 0.9249801853498465, 0.9289889022267955, 0.9308716674150173, 0.9322782078416942, 0.9369363184075976], "n_train": [20, 30, 40, 50, 60, 70, 80, 90, 100, 110, 120, 130, 140]}}