{"bald": {"acc": [0.8895, 0.9026000000000002, 0.909, 0.91515, 0.9229500000000002, 0.9268000000000001, 0.92975, 0.9262, 0.9308, 0.932, 0.9345500000000001, 0.9320999999999999, 0.9377500000000001], "b_acc": [0.8917364587368459, 0.9008213893551703, 0.9079257166136658, 0.9146137938558956, 0.9221047927057903, 0.9257645597419119, 0.9295443421127704, 0.9264175873013967, 0.9302152368426058, 0.9319997517614429, 0.9342496639270339, 0.9320843330440554, 0.9377382164259854], "f1": [0.8891280109937705, 0.9020579808317578, 0.9086086654855373, 0.9150547408306349, 0.9228152192429689, 0.9266334248849347, 0.9297148363838525, 0.9262003812205819, 0.930697534938778, 0.93197006711682, 0.9345025845397096, 0.9320637845107804, 0.9377301268666027], "n_train": [20, 30, 40, 50, 60, 70, 80, 90, 100, 110, 120, 130, 140]}}